n,metric,original,original_deviation_pct,generated,generated_deviation_pct,generated_vs_same_n_pct
10,mean,4.0583,-66.16826860420106,3.3633063866213377,-71.96203378903773,-17.12523996202011
10,halfwidth_0.90,2.1940552106657205,-17.721672957658107,1.5371943477766525,-42.35433153223571,-29.93821029188063
10,halfwidth_0.95,2.707578797772275,-14.869660398291206,1.8969781634768381,-40.35616049044292,-29.93821029188063
10,halfwidth_0.99,3.889732310984685,-7.159975487277103,2.7252160719308614,-34.95461726092962,-29.93821029188064
10,variance,14.325726677777778,-98.17181106777917,7.032004096208005,-99.10260523956798,-50.91345622895259
10,std,3.784934170864505,-86.47894629764073,2.651792619381841,-90.52690778873117,-29.93821029188063
10,cv,0.9326403101950337,-60.034402188360225,0.788448126501416,-66.21334036858548,-15.460642448905537
20,mean,7.909050000000001,-34.066763128417406,11.050098997265334,-7.881629950356562,39.71461802953999
20,halfwidth_0.90,5.37054939159772,101.39867816036055,11.007940429713162,312.8040708983549,104.96860985833587
20,halfwidth_0.95,6.500766735269962,104.39385930350649,13.32453120741597,318.9432520502003,104.96860985833591
20,halfwidth_0.99,8.885836014315597,112.08689118667326,18.213174552834044,334.7115525570858,104.96860985833591
20,variance,192.93486783947367,-75.37846435596458,810.560494739881,3.44031815695367,320.12131027258715
20,std,13.890099633892971,-50.37990765422195,28.47034412752823,1.7056134915638177,104.96860985833591
20,cv,1.7562285778814106,-24.741913638454392,2.5764786482522952,10.407526139198641,46.70520003497358
50,mean,10.326559999999999,-13.913361712391536,9.97407344045769,-16.851841027145163,-3.4133976807601774
50,halfwidth_0.90,4.46954484136196,67.61049147729044,4.419186073157947,65.72200882671847,-1.1267090943575142
50,halfwidth_0.95,5.3573599668187235,68.44343504208368,5.296998104855108,66.54556754061633,-1.1267090943575142
50,halfwidth_0.99,7.144528431312049,70.52540937629266,7.064030379727498,68.60408408065956,-1.1267090943575142
50,variance,355.35556368000005,-54.65101888823369,347.3930282163943,-55.66716414455504,-2.2407234548819432
50,std,18.850877000288342,-32.658347873128115,18.638482454759945,-33.41709239193218,-1.1267090943575142
50,cv,1.825474988794753,-21.77455936670578,1.8686931238301232,-19.922571430829905,2.3675008039362178
100,mean,13.7543,14.661750766882031,11.704180901225127,-2.428922342338302,-14.90529578949763
100,halfwidth_0.90,5.237084614382971,96.39367257302322,3.5897087307565854,34.61613340455714,-31.455972261782485
100,halfwidth_0.95,6.258472307018702,96.77575896323101,4.289808994111562,34.87803080584513,-31.45597226178247
100,halfwidth_0.99,8.284016426859441,97.72267771782349,5.678198517465033,35.52708705965139,-31.45597226178246
100,variance,994.8517278888887,26.958789528530037,467.4095695436127,-40.351158368861974,-53.01716261422467
100,std,31.541270232647395,12.675991022280343,21.619657017251978,-22.76733745937667,-31.45597226178247
100,cv,2.29319341825083,-1.7318414652842007,1.847173860324472,-20.844717108073574,-19.44971385216021
200,mean,11.51074,-4.041528756652124,10.255247755386408,-14.50785120429664,-10.90713754818189
200,halfwidth_0.90,3.0091764770181175,12.845841390242452,2.277543872005562,-14.59080033938771,-24.313383100001897
200,halfwidth_0.95,3.5908002363197395,12.90014673305393,2.717755218507548,-14.549698462617744,-24.313383100001897
200,halfwidth_0.99,4.735809430312497,13.034170078015839,3.5843739406346025,-14.44826072695986,-24.313383100001897
200,variance,663.1592098416081,-15.370413312896902,379.88836451021314,-51.52024612096135,-42.71536022232921
200,std,25.751877792534046,-8.00565958326398,19.49072508939093,-30.372595999104888,-24.313383100001897
200,cv,2.237204366750882,-4.131090017637873,1.9005611131290059,-18.556961099105717,-15.047496716215825
300,mean,11.995543333333334,0.0,13.91599890908468,16.009742305000607,16.009742305000607
300,halfwidth_0.90,2.6666259384887843,0.0,2.988123884646054,12.056357118444128,12.056357118444128
300,halfwidth_0.95,3.1805098046594975,0.0,3.563963424896376,12.056357118444128,12.056357118444128
300,halfwidth_0.99,4.189714868560415,0.0,4.69484185535861,12.056357118444105,12.056357118444105
300,variance,783.6020897673467,0.0,983.9399291355711,25.566271706562848,25.566271706562848
300,std,27.992893558318453,0.0,31.367816773495267,12.056357118444128,12.056357118444128
300,cv,2.3336078058699954,0.0,2.2540830146959587,-3.407804472285303,-3.407804472285303
