index,original,generated
1,5.618,8.890530707134
2,1.961,2.680362297929
3,0.959,0.060638793173
4,3.342,4.994765330119
5,3.239,1.377390624316
6,0.330,2.528471935722
7,0.506,5.476795116761
8,7.174,3.258933946930
9,4.759,4.025874285747
10,12.695,0.339300828382
11,58.107,14.304450412563
12,2.588,130.529330973874
13,33.031,4.699920638862
14,8.895,14.180080494567
15,0.987,12.759158138121
16,1.418,1.406589388625
17,5.609,3.343130493750
18,5.900,4.889198888419
19,0.326,0.672378398953
20,0.737,0.584678251358
21,1.193,12.070406559697
22,8.225,11.486477542189
23,2.981,3.167514665072
24,3.436,8.035288012971
25,9.094,4.781674657662
26,0.403,9.023415879713
27,5.624,2.481077908547
28,1.608,4.210568507650
29,9.920,14.643201585616
30,0.267,11.116330121543
31,4.807,2.431302919795
32,0.109,13.991908126756
33,100.896,3.333555505621
34,1.456,7.515838387468
35,4.996,8.146237010473
36,3.708,36.348506461132
37,5.539,11.500870883555
38,2.068,4.103248591528
39,28.048,21.207685403786
40,44.792,18.085814615544
41,28.593,15.106671248906
42,3.312,15.660895161064
43,5.094,1.042285266519
44,0.099,6.848556229907
45,13.254,8.855768104528
46,1.045,4.930520936647
47,8.321,4.936946235481
48,0.077,1.474031631680
49,57.862,1.148707865528
50,1.320,10.016386051000
51,9.767,1.061975667566
52,2.746,8.536681178425
53,1.568,0.525566675313
54,11.890,3.482734646976
55,0.345,0.159270473822
56,27.693,7.076820860615
57,7.647,2.271369143214
58,57.038,4.132095911743
59,44.111,2.211704671328
60,1.827,4.752395272210
61,7.105,7.024433784142
62,7.243,1.196726230531
63,5.818,9.835034716703
64,2.451,9.997709058521
65,0.938,18.677690967912
66,5.822,33.908462240987
67,5.240,13.529710663862
68,1.572,0.644629088556
69,5.497,33.424504234842
70,2.736,1.563067909174
71,6.883,3.067962714387
72,187.818,0.643312978844
73,0.057,11.813215768336
74,0.749,47.088342814071
75,11.384,21.499605357775
76,2.434,1.023635851169
77,17.949,14.574109293401
78,2.122,31.532140039566
79,1.056,1.766527909907
80,6.645,7.014418819413
81,0.315,0.200878067885
82,0.009,4.884936132013
83,1.013,4.205200290212
84,4.742,0.325830580144
85,0.244,3.731926113687
86,0.903,2.383569570203
87,2.020,1.873431611328
88,120.055,17.454167727144
89,8.842,5.976774741768
90,56.550,1.097147245920
91,3.204,100.151695577763
92,2.344,3.023295905241
93,3.368,64.639915714403
94,5.317,3.131967021961
95,1.475,6.668647723970
96,185.605,7.506706629934
97,4.221,2.184993148149
98,1.152,125.837376713970
99,6.891,6.308595817569
100,4.681,6.091506823052
101,0.598,1.611480214698
102,2.162,1.919947260973
103,1.331,3.297234166489
104,3.588,0.225820431228
105,104.099,0.368851559191
106,91.665,7.121533350510
107,0.882,2.493467052966
108,0.699,8.347697632112
109,31.608,0.509666568177
110,1.324,8.830925183310
111,2.775,1.579486999763
112,0.489,13.347367809536
113,0.245,15.531946086640
114,12.623,7.660472861110
115,1.956,3.285426760976
116,2.391,0.170268256424
117,0.815,9.382616334661
118,0.411,5.422132120106
119,4.203,0.562755678895
120,2.825,5.541932224201
121,5.664,0.040463879225
122,4.030,3.934156218917
123,11.393,6.225482230595
124,5.488,10.634632966481
125,16.997,2.249995498723
126,0.549,1.730202158808
127,2.482,2.635107513538
128,1.749,0.399868574611
129,2.181,17.568510692965
130,1.336,13.929242621101
131,1.758,65.221898805537
132,1.257,0.507973774565
133,2.983,0.572305621795
134,4.328,17.624517119958
135,4.566,0.875051962494
136,3.346,1.031708237098
137,23.209,10.087353610224
138,5.160,2.351707363816
139,69.156,3.474957614164
140,2.553,3.457932651281
141,1.268,7.891293730297
142,3.010,4.189372500731
143,57.382,10.959567383246
144,0.122,4.489310254293
145,11.744,24.282768054050
146,4.309,1.418026487850
147,1.089,9.217383098657
148,0.228,1.624079728412
149,4.243,6.152203933776
150,0.840,6.027663280304
151,0.972,21.648767846904
152,0.729,0.615304206346
153,7.102,1.524194620411
154,8.768,7.099636320267
155,24.067,2.633205281829
156,5.135,0.901943732552
157,1.321,14.792569568794
158,4.486,8.616229030017
159,3.778,1.649689136851
160,11.582,0.655663644271
161,1.534,12.108789722080
162,8.059,5.530108041945
163,9.184,17.387280475034
164,1.017,4.771465790866
165,2.613,1.720250052813
166,3.978,0.939495666343
167,10.302,38.294406434253
168,78.644,7.549711811817
169,0.387,0.028240688334
170,1.285,3.296960537798
171,1.616,3.389480513565
172,9.201,7.285379433931
173,15.339,1.421160026053
174,1.758,147.764618467433
175,6.240,27.823604862945
176,13.741,11.490046956853
177,0.732,11.520943837245
178,1.969,14.166540670524
179,0.999,1.962834827043
180,0.955,12.003741191720
181,37.326,1.717089816399
182,8.346,3.341451631980
183,2.155,1.281995093531
184,7.076,46.840702792024
185,6.379,0.512273585503
186,3.053,20.595932982047
187,0.861,0.085727434765
188,18.879,4.497857334654
189,2.091,11.931685407425
190,5.426,0.931580224887
191,4.934,5.957308790171
192,3.289,4.962910046288
193,27.865,9.285229497507
194,3.314,7.859225950953
195,2.141,11.422496148719
196,1.234,10.330484190823
197,4.742,5.729663282173
198,7.862,2.822637000351
199,1.735,0.744759038355
200,19.408,1.172421189905
201,0.660,13.431091782700
202,5.515,2.031017513284
203,5.229,14.709304570170
204,57.602,2.394582736790
205,0.103,0.386386185952
206,35.514,2.244377454030
207,2.057,3.181994921204
208,2.699,0.717297379616
209,2.014,3.680922727151
210,1.399,10.479878333438
211,0.139,3.500238141952
212,6.110,4.460706110733
213,30.183,43.926900234954
214,3.768,1.589006498757
215,2.596,5.144740065776
216,9.718,28.851965268728
217,10.656,4.486519443961
218,0.662,63.340944209564
219,2.273,5.184976212348
220,5.553,0.802580174472
221,8.468,8.252146807905
222,20.457,15.932455713240
223,2.707,17.113693034616
224,4.471,5.789773633756
225,1.617,2.848365410738
226,1.859,7.375614027935
227,0.759,18.961524950973
228,0.535,270.534916388626
229,35.600,2.179698161608
230,5.324,17.981838342916
231,0.565,8.587317392713
232,51.008,13.463202561141
233,0.333,1.201192964691
234,0.280,24.509115954538
235,1.572,9.177500195649
236,10.888,1.193612129084
237,2.551,5.090454349654
238,0.113,0.774967569253
239,4.940,8.450236569313
240,3.806,5.926134721365
241,2.945,5.658216343517
242,1.244,132.957845147415
243,1.269,103.920989434299
244,5.153,0.630399306351
245,1.598,9.410819949779
246,3.691,5.109646330620
247,5.598,1.371035302579
248,0.661,2.794621580630
249,4.162,4.663940960547
250,95.414,12.830485947873
251,0.200,151.175419925785
252,1.406,0.705770845724
253,0.182,3.824915334839
254,3.940,131.264330893230
255,0.474,6.043457951061
256,280.938,12.661651997371
257,60.545,5.959883864628
258,0.303,17.858788041819
259,30.726,49.456697270256
260,55.678,4.744015496414
261,18.459,158.875107261053
262,3.344,2.881249541337
263,2.643,1.755373337734
264,5.276,9.054769111343
265,1.180,3.564962113183
266,9.565,4.340356746035
267,1.844,24.603533716198
268,3.255,7.358170165007
269,7.089,7.302085894777
270,3.277,17.801123853046
271,0.465,8.255825146029
272,0.210,219.097348601664
273,2.373,70.994624654960
274,1.269,5.801614264119
275,0.861,2.191327076942
276,63.608,1.719549050445
277,5.436,4.968779918093
278,4.007,0.398905123556
279,2.425,1.207548249169
280,3.013,8.075265886219
281,41.460,7.446700910194
282,51.581,0.188420710269
283,0.742,1.167308781357
284,0.285,6.303339792473
285,10.003,3.431668524121
286,8.010,5.826295293422
287,44.646,0.902837283046
288,0.731,140.403247382200
289,1.501,1.963772904204
290,3.142,3.073775042139
291,16.998,3.910231739667
292,4.830,5.888180856312
293,4.613,25.808370670464
294,16.112,1.539997568879
295,4.153,1.161203501001
296,2.640,1.029161212868
297,19.832,9.767312674153
298,20.611,3.158662120900
299,3.981,17.148623066785
300,2.615,0.451369132727
